2015-01-01,756.0,GB
2015-01-02,7663.0,GB
2015-01-03,2049.0,GB
2015-01-04,5423.0,GB
2015-01-05,4070.0,GB
2015-01-06,5827.0,GB
2015-01-07,3546.0,GB
2015-01-08,6327.0,GB
2015-01-09,5792.0,GB
2015-01-10,6958.0,GB
2015-01-11,7183.0,GB
2015-01-12,3138.0,GB
2015-01-13,7139.0,GB
2015-01-14,9659.0,GB
2015-01-15,8085.0,GB
2015-01-16,8713.0,GB
2015-01-17,8741.0,GB
2015-01-18,10265.0,GB
2015-01-19,9977.0,GB
2015-01-20,8552.0,GB
2015-01-21,4059.0,GB
2015-01-22,7892.0,GB
2015-01-23,11820.0,GB
2015-01-24,13395.0,GB
2015-01-25,7418.0,GB
2015-01-26,8553.0,GB
2015-01-27,7932.0,GB
2015-01-28,7977.0,GB
2015-01-29,8921.0,GB
2015-01-30,12027.0,GB
2015-01-31,8119.0,GB
2015-02-01,12528.0,GB
2015-02-02,13613.0,GB
2015-02-03,13533.0,GB
2015-02-04,15281.0,GB
2015-02-05,7966.0,GB
2015-02-06,16999.0,GB
2015-02-07,8666.0,GB
2015-02-08,18124.0,GB
2015-02-09,16726.0,GB
2015-02-10,6638.0,GB
2015-02-11,3441.0,GB
2015-02-12,6021.0,GB
2015-02-13,7117.0,GB
2015-02-14,10952.0,GB
2015-02-15,11799.0,GB
2015-02-16,8128.0,GB
2015-02-17,23958.0,GB
2015-02-18,19703.0,GB
2015-02-19,6750.0,GB
2015-02-20,13567.0,GB
2015-02-21,20354.0,GB
2015-02-22,8497.0,GB
2015-02-23,20723.0,GB
2015-02-24,22363.0,GB
2015-02-25,26046.0,GB
2015-02-26,21853.0,GB
2015-02-27,26338.0,GB
2015-02-28,9547.0,GB
2015-03-01,22913.0,GB
2015-03-02,28546.0,GB
2015-03-03,28040.0,GB
2015-03-04,30058.0,GB
2015-03-05,21180.0,GB
2015-03-06,29717.0,GB
2015-03-07,31125.0,GB
2015-03-08,18490.0,GB
2015-03-09,10235.0,GB
2015-03-10,35354.0,GB
2015-03-11,21491.0,GB
2015-03-12,23440.0,GB
2015-03-13,20112.0,GB
2015-03-14,19799.0,GB
2015-03-15,11535.0,GB
2015-03-16,13570.0,GB
2015-03-17,23609.0,GB
2015-03-18,33454.0,GB
2015-03-19,18794.0,GB
2015-03-20,31282.0,GB
2015-03-21,27192.0,GB
2015-03-22,35655.0,GB
2015-03-23,28086.0,GB
2015-03-24,38733.0,GB
2015-03-25,41846.0,GB
2015-03-26,34174.0,GB
2015-03-27,39899.0,GB
2015-03-28,20119.0,GB
2015-03-29,19524.0,GB
2015-03-30,33258.0,GB
2015-03-31,46990.0,GB
2015-04-01,33464.0,GB
2015-04-02,24743.0,GB
2015-04-03,14549.0,GB
2015-04-04,20902.0,GB
2015-04-05,28071.0,GB
2015-04-06,52896.0,GB
2015-04-07,56557.0,GB
2015-04-08,55135.0,GB
2015-04-09,58372.0,GB
2015-04-10,46212.0,GB
2015-04-11,56559.0,GB
2015-04-12,42889.0,GB
2015-04-13,50155.0,GB
2015-04-14,68440.0,GB
2015-04-15,67830.0,GB
2015-04-16,58971.0,GB
2015-04-17,54128.0,GB
2015-04-18,78422.0,GB
2015-04-19,54842.0,GB
2015-04-20,78328.0,GB
2015-04-21,83380.0,GB
2015-04-22,68370.0,GB
2015-04-23,75636.0,GB
2015-04-24,49059.0,GB
2015-04-25,44505.0,GB
2015-04-26,51501.0,GB
2015-04-27,67828.0,GB
2015-04-28,78272.0,GB
2015-04-29,65026.0,GB
2015-04-30,74745.0,GB
2015-05-01,60091.0,GB
2015-05-02,37964.0,GB
2015-05-03,44453.0,GB
2015-05-04,67781.0,GB
2015-05-05,56026.0,GB
2015-05-06,48277.0,GB
2015-05-07,65720.0,GB
2015-05-08,41040.0,GB
2015-05-09,62123.0,GB
2015-05-10,54245.0,GB
2015-05-11,77615.0,GB
2015-05-12,85289.0,GB
2015-05-13,23041.5,GB
2015-05-14,32025.0,GB
2015-05-15,68092.0,GB
2015-05-16,91306.0,GB
2015-05-17,73665.0,GB
2015-05-18,58434.0,GB
2015-05-19,75846.0,GB
2015-05-20,85539.0,GB
2015-05-21,105826.0,GB
2015-05-22,57954.0,GB
2015-05-23,80949.0,GB
2015-05-24,54119.0,GB
2015-05-25,56434.0,GB
2015-05-26,91534.0,GB
2015-05-27,87718.0,GB
2015-05-28,94471.0,GB
2015-05-29,59328.0,GB
2015-05-30,83420.0,GB
2015-05-31,48177.0,GB
2015-06-01,68177.0,GB
2015-06-02,56506.0,GB
2015-06-03,105688.0,GB
2015-06-04,117337.0,GB
2015-06-05,85438.0,GB
2015-06-06,113060.0,GB
2015-06-07,112382.0,GB
2015-06-08,91958.0,GB
2015-06-09,84181.0,GB
2015-06-10,104726.0,GB
2015-06-11,113608.0,GB
2015-06-12,67752.0,GB
2015-06-13,39074.0,GB
2015-06-14,52439.0,GB
2015-06-15,93030.0,GB
2015-06-16,91245.0,GB
2015-06-17,65117.0,GB
2015-06-18,92903.0,GB
2015-06-19,82925.0,GB
2015-06-20,54033.0,GB
2015-06-21,80270.0,GB
2015-06-22,69847.0,GB
2015-06-23,79341.0,GB
2015-06-24,96901.0,GB
2015-06-25,83042.0,GB
2015-06-26,66242.0,GB
2015-06-27,95381.0,GB
2015-06-28,57687.0,GB
2015-06-29,104404.0,GB
2015-06-30,107391.0,GB
2015-07-01,99472.0,GB
2015-07-02,65818.0,GB
2015-07-03,107762.0,GB
2015-07-04,95979.0,GB
2015-07-05,71769.0,GB
2015-07-06,68187.0,GB
2015-07-07,88989.0,GB
2015-07-08,67421.0,GB
2015-07-09,116843.0,GB
2015-07-10,115564.0,GB
2015-07-11,99406.0,GB
2015-07-12,51978.0,GB
2015-07-13,24610.0,GB
2015-07-14,43268.0,GB
2015-07-15,84469.0,GB
2015-07-16,82683.0,GB
2015-07-17,78261.0,GB
2015-07-18,106973.0,GB
2015-07-19,114802.0,GB
2015-07-20,52281.0,GB
2015-07-21,76518.0,GB
2015-07-22,65777.0,GB
2015-07-23,74044.0,GB
2015-07-24,27139.0,GB
2015-07-25,76765.0,GB
2015-07-26,34290.0,GB
2015-07-27,47482.0,GB
2015-07-28,67411.0,GB
2015-07-29,80668.0,GB
2015-07-30,81480.0,GB
2015-07-31,97913.0,GB
2015-08-01,83012.0,GB
2015-08-02,78557.0,GB
2015-08-03,77593.0,GB
2015-08-04,63063.0,GB
2015-08-05,49465.0,GB
2015-08-06,87997.0,GB
2015-08-07,81882.0,GB
2015-08-08,125881.0,GB
2015-08-09,79627.0,GB
2015-08-10,53500.0,GB
2015-08-11,69039.0,GB
2015-08-12,81387.0,GB
2015-08-13,31571.0,GB
2015-08-14,26616.0,GB
2015-08-15,71802.0,GB
2015-08-16,67435.0,GB
2015-08-17,78323.0,GB
2015-08-18,49373.0,GB
2015-08-19,44869.0,GB
2015-08-20,42129.0,GB
2015-08-21,54851.0,GB
2015-08-22,78016.0,GB
2015-08-23,56794.0,GB
2015-08-24,32907.0,GB
2015-08-25,39973.0,GB
2015-08-26,57383.0,GB
2015-08-27,76396.0,GB
2015-08-28,69555.0,GB
2015-08-29,68155.0,GB
2015-08-30,32353.0,GB
2015-08-31,23082.0,GB
2015-09-01,61292.0,GB
2015-09-02,65874.0,GB
2015-09-03,43897.0,GB
2015-09-04,52556.0,GB
2015-09-05,50236.0,GB
2015-09-06,90842.0,GB
2015-09-07,72517.0,GB
2015-09-08,44880.0,GB
2015-09-09,48681.0,GB
2015-09-10,83214.0,GB
2015-09-11,68339.0,GB
2015-09-12,55406.0,GB
2015-09-13,50267.0,GB
2015-09-14,23837.0,GB
2015-09-15,35778.0,GB
2015-09-16,33160.0,GB
2015-09-17,60676.0,GB
2015-09-18,51597.0,GB
2015-09-19,64427.0,GB
2015-09-20,52897.0,GB
2015-09-21,26539.0,GB
2015-09-22,44373.0,GB
2015-09-23,53178.0,GB
2015-09-24,60966.0,GB
2015-09-25,69474.0,GB
2015-09-26,68650.0,GB
2015-09-27,53512.0,GB
2015-09-28,72658.0,GB
2015-09-29,74277.0,GB
2015-09-30,79599.0,GB
2015-10-01,63282.0,GB
2015-10-02,60129.0,GB
2015-10-03,44037.0,GB
2015-10-04,46535.0,GB
2015-10-05,11540.0,GB
2015-10-06,32400.0,GB
2015-10-07,19451.0,GB
2015-10-08,42701.0,GB
2015-10-09,57064.0,GB
2015-10-10,23869.0,GB
2015-10-11,46283.0,GB
2015-10-12,44274.0,GB
2015-10-13,32877.0,GB
2015-10-14,33453.0,GB
2015-10-15,28125.0,GB
2015-10-16,18936.0,GB
2015-10-17,16520.0,GB
2015-10-18,16092.0,GB
2015-10-19,22948.0,GB
2015-10-20,35934.0,GB
2015-10-21,11047.0,GB
2015-10-22,22349.0,GB
2015-10-23,15489.0,GB
2015-10-24,11630.0,GB
2015-10-25,32135.0,GB
2015-10-26,22739.0,GB
2015-10-27,18901.0,GB
2015-10-28,17034.0,GB
2015-10-29,14047.0,GB
2015-10-30,11145.0,GB
2015-10-31,25081.0,GB
2015-11-01,29403.0,GB
2015-11-02,11645.0,GB
2015-11-03,10548.0,GB
2015-11-04,11384.0,GB
2015-11-05,6267.0,GB
2015-11-06,7633.0,GB
2015-11-07,10029.0,GB
2015-11-08,4834.0,GB
2015-11-09,9690.0,GB
2015-11-10,5155.0,GB
2015-11-11,17068.0,GB
2015-11-12,10612.0,GB
2015-11-13,21463.0,GB
2015-11-14,5285.0,GB
2015-11-15,10015.0,GB
2015-11-16,12010.0,GB
2015-11-17,7295.0,GB
2015-11-18,12939.0,GB
2015-11-19,8164.0,GB
2015-11-20,16414.0,GB
2015-11-21,23662.0,GB
2015-11-22,19789.0,GB
2015-11-23,23333.0,GB
2015-11-24,6966.0,GB
2015-11-25,14252.0,GB
2015-11-26,12589.0,GB
2015-11-27,7463.0,GB
2015-11-28,9793.0,GB
2015-11-29,5305.0,GB
2015-11-30,5676.0,GB
2015-12-01,9834.0,GB
2015-12-02,14879.0,GB
2015-12-03,4013.0,GB
2015-12-04,17769.0,GB
2015-12-05,4028.0,GB
2015-12-06,7483.0,GB
2015-12-07,12713.0,GB
2015-12-08,15499.0,GB
2015-12-09,18042.0,GB
2015-12-10,6951.0,GB
2015-12-11,9243.0,GB
2015-12-12,2933.0,GB
2015-12-13,4953.0,GB
2015-12-14,5962.0,GB
2015-12-15,1779.0,GB
2015-12-16,6485.0,GB
2015-12-17,6491.0,GB
2015-12-18,7517.0,GB
2015-12-19,7703.0,GB
2015-12-20,12556.0,GB
2015-12-21,6969.0,GB
2015-12-22,3974.0,GB
2015-12-23,22903.0,GB
2015-12-24,11802.0,GB
2015-12-25,3119.0,GB
2015-12-26,5114.0,GB
2015-12-27,7120.0,GB
2015-12-28,12076.0,GB
2015-12-29,19708.0,GB
2015-12-30,4126.0,GB
2015-12-31,24502.0,GB
2016-01-01,6964.0,GB
2016-01-02,3408.0,GB
2016-01-03,5872.0,GB
2016-01-04,9324.0,GB
2016-01-05,10084.0,GB
2016-01-06,10582.0,GB
2016-01-07,11623.0,GB
2016-01-08,14366.0,GB
2016-01-09,7516.0,GB
2016-01-10,13334.0,GB
2016-01-11,11152.0,GB
2016-01-12,11399.0,GB
2016-01-13,17508.0,GB
2016-01-14,14584.0,GB
2016-01-15,21722.0,GB
2016-01-16,18675.0,GB
2016-01-17,10063.0,GB
2016-01-18,10545.0,GB
2016-01-19,20517.0,GB
2016-01-20,23504.0,GB
2016-01-21,10043.0,GB
2016-01-22,10564.0,GB
2016-01-23,17055.0,GB
2016-01-24,8249.0,GB
2016-01-25,14049.0,GB
2016-01-26,6008.0,GB
2016-01-27,7962.0,GB
2016-01-28,25087.0,GB
2016-01-29,11291.0,GB
2016-01-30,22808.0,GB
2016-01-31,7568.0,GB
2016-02-01,16188.0,GB
2016-02-02,27585.0,GB
2016-02-03,22534.0,GB
2016-02-04,16105.0,GB
2016-02-05,11343.0,GB
2016-02-06,5986.0,GB
2016-02-07,23955.0,GB
2016-02-08,16885.0,GB
2016-02-09,25578.0,GB
2016-02-10,29847.0,GB
2016-02-11,37422.0,GB
2016-02-12,23586.0,GB
2016-02-13,14743.0,GB
2016-02-14,34972.0,GB
2016-02-15,45720.0,GB
2016-02-16,46800.0,GB
2016-02-17,12901.0,GB
2016-02-18,44868.0,GB
2016-02-19,33579.0,GB
2016-02-20,14017.0,GB
2016-02-21,19638.0,GB
2016-02-22,29828.0,GB
2016-02-23,49710.0,GB
2016-02-24,55738.0,GB
2016-02-25,48551.0,GB
2016-02-26,29182.0,GB
2016-02-27,32048.0,GB
2016-02-28,44071.0,GB
2016-02-29,43466.0,GB
2016-03-01,21265.0,GB
2016-03-02,36790.0,GB
2016-03-03,45876.0,GB
2016-03-04,48824.0,GB
2016-03-05,41072.0,GB
2016-03-06,40986.0,GB
2016-03-07,59884.0,GB
2016-03-08,31357.0,GB
2016-03-09,21454.0,GB
2016-03-10,45399.0,GB
2016-03-11,60951.0,GB
2016-03-12,50681.0,GB
2016-03-13,71613.0,GB
2016-03-14,77770.0,GB
2016-03-15,46622.0,GB
2016-03-16,57614.0,GB
2016-03-17,80530.0,GB
2016-03-18,38558.0,GB
2016-03-19,29203.0,GB
2016-03-20,44233.0,GB
2016-03-21,61219.0,GB
2016-03-22,54657.0,GB
2016-03-23,35352.0,GB
2016-03-24,24426.0,GB
2016-03-25,85636.0,GB
2016-03-26,19883.0,GB
2016-03-27,60494.0,GB
2016-03-28,51098.0,GB
2016-03-29,67176.0,GB
2016-03-30,70865.0,GB
2016-03-31,80670.0,GB
2016-04-01,49942.0,GB
2016-04-02,66194.0,GB
2016-04-03,56593.0,GB
2016-04-04,41625.0,GB
2016-04-05,60907.0,GB
2016-04-06,60265.0,GB
2016-04-07,50114.0,GB
2016-04-08,56334.0,GB
2016-04-09,58484.0,GB
2016-04-10,79034.0,GB
2016-04-11,44132.0,GB
2016-04-12,62716.0,GB
2016-04-13,76383.0,GB
2016-04-14,63128.0,GB
2016-04-15,28677.0,GB
2016-04-16,60605.0,GB
2016-04-17,34070.0,GB
2016-04-18,58557.0,GB
2016-04-19,92869.0,GB
2016-04-20,111822.0,GB
2016-04-21,78739.0,GB
2016-04-22,39519.0,GB
2016-04-23,79907.0,GB
2016-04-24,70922.0,GB
2016-04-25,53045.0,GB
2016-04-26,102125.0,GB
2016-04-27,100391.0,GB
2016-04-28,74925.0,GB
2016-04-29,84150.0,GB
2016-04-30,92883.0,GB
2016-05-01,75371.0,GB
2016-05-02,55723.0,GB
2016-05-03,98540.0,GB
2016-05-04,117154.0,GB
2016-05-05,115266.0,GB
2016-05-06,93176.0,GB
2016-05-07,80123.0,GB
2016-05-08,106750.0,GB
2016-05-09,79791.0,GB
2016-05-10,37567.0,GB
2016-05-11,50195.0,GB
2016-05-12,105559.0,GB
2016-05-13,99624.0,GB
2016-05-14,111918.0,GB
2016-05-15,97392.5,GB
2016-05-16,103908.0,GB
2016-05-17,93191.0,GB
2016-05-18,58561.0,GB
2016-05-19,70587.0,GB
2016-05-20,81770.0,GB
2016-05-21,48278.0,GB
2016-05-22,85961.0,GB
2016-05-23,107116.0,GB
2016-05-24,115783.0,GB
2016-05-25,45251.0,GB
2016-05-26,83927.0,GB
2016-05-27,96345.0,GB
2016-05-28,97545.0,GB
2016-05-29,103303.0,GB
2016-05-30,69835.0,GB
2016-05-31,48632.0,GB
2016-06-01,32433.0,GB
2016-06-02,78224.0,GB
2016-06-03,78179.0,GB
2016-06-04,68270.0,GB
2016-06-05,120378.0,GB
2016-06-06,125320.0,GB
2016-06-07,98329.0,GB
2016-06-08,110902.0,GB
2016-06-09,105933.0,GB
2016-06-10,68155.0,GB
2016-06-11,58500.0,GB
2016-06-12,57517.0,GB
2016-06-13,50898.0,GB
2016-06-14,65560.0,GB
2016-06-15,60300.0,GB
2016-06-16,69238.0,GB
2016-06-17,61886.0,GB
2016-06-18,62990.0,GB
2016-06-19,63489.0,GB
2016-06-20,63622.0,GB
2016-06-21,88242.0,GB
2016-06-22,60228.0,GB
2016-06-23,61719.0,GB
2016-06-24,98930.0,GB
2016-06-25,101136.0,GB
2016-06-26,78835.0,GB
2016-06-27,96964.0,GB
2016-06-28,66547.0,GB
2016-06-29,45945.0,GB
2016-06-30,76066.0,GB
2016-07-01,80135.98,GB
2016-07-02,99057.0,GB
2016-07-03,107567.0,GB
2016-07-04,77278.0,GB
2016-07-05,94939.0,GB
2016-07-06,92005.0,GB
2016-07-07,68572.0,GB
2016-07-08,79869.0,GB
2016-07-09,57659.0,GB
2016-07-10,71774.0,GB
2016-07-11,71282.0,GB
2016-07-12,64684.0,GB
2016-07-13,85184.0,GB
2016-07-14,101006.0,GB
2016-07-15,59033.0,GB
2016-07-16,79354.0,GB
2016-07-17,94312.0,GB
2016-07-18,112749.0,GB
2016-07-19,123353.0,GB
2016-07-20,99409.0,GB
2016-07-21,80021.0,GB
2016-07-22,82658.0,GB
2016-07-23,103320.0,GB
2016-07-24,56024.0,GB
2016-07-25,77201.0,GB
2016-07-26,66867.0,GB
2016-07-27,71891.0,GB
2016-07-28,58893.0,GB
2016-07-29,66516.0,GB
2016-07-30,76153.0,GB
2016-07-31,83505.0,GB
2016-08-01,50230.0,GB
2016-08-02,34167.0,GB
2016-08-03,79786.0,GB
2016-08-04,75444.0,GB
2016-08-05,91524.5,GB
2016-08-06,107892.0,GB
2016-08-07,94770.0,GB
2016-08-08,85949.0,GB
2016-08-09,92003.0,GB
2016-08-10,77470.0,GB
2016-08-11,64641.0,GB
2016-08-12,107108.0,GB
2016-08-13,76586.0,GB
2016-08-14,72560.0,GB
2016-08-15,118608.0,GB
2016-08-16,112492.0,GB
2016-08-17,105367.0,GB
2016-08-18,80530.0,GB
2016-08-19,34731.0,GB
2016-08-20,54905.0,GB
2016-08-21,68744.0,GB
2016-08-22,46005.0,GB
2016-08-23,92341.0,GB
2016-08-24,91979.0,GB
2016-08-25,45760.0,GB
2016-08-26,109887.0,GB
2016-08-27,55688.0,GB
2016-08-28,54146.0,GB
2016-08-29,98742.0,GB
2016-08-30,103159.0,GB
2016-08-31,74396.0,GB
2016-09-01,90260.0,GB
2016-09-02,37860.0,GB
2016-09-03,36308.0,GB
2016-09-04,48083.0,GB
2016-09-05,38693.0,GB
2016-09-06,46777.0,GB
2016-09-07,63498.0,GB
2016-09-08,81588.0,GB
2016-09-09,52113.0,GB
2016-09-10,33684.0,GB
2016-09-11,100739.0,GB
2016-09-12,56334.0,GB
2016-09-13,67829.0,GB
2016-09-14,82623.0,GB
2016-09-15,74368.0,GB
2016-09-16,43577.0,GB
2016-09-17,49317.0,GB
2016-09-18,63037.0,GB
2016-09-19,33860.0,GB
2016-09-20,42545.0,GB
2016-09-21,45444.0,GB
2016-09-22,74912.0,GB
2016-09-23,83261.0,GB
2016-09-24,46078.0,GB
2016-09-25,72562.0,GB
2016-09-26,30821.0,GB
2016-09-27,31389.0,GB
2016-09-28,54625.0,GB
2016-09-29,61332.0,GB
2016-09-30,72473.0,GB
2016-10-01,44300.0,GB
2016-10-02,79455.0,GB
2016-10-03,70345.0,GB
2016-10-04,64375.0,GB
2016-10-05,76636.0,GB
2016-10-06,54472.0,GB
2016-10-07,17839.0,GB
2016-10-08,31769.0,GB
2016-10-09,60296.0,GB
2016-10-10,58990.0,GB
2016-10-11,51480.0,GB
2016-10-12,42569.0,GB
2016-10-13,42407.0,GB
2016-10-14,34300.0,GB
2016-10-15,40993.0,GB
2016-10-16,45492.0,GB
2016-10-17,53774.0,GB
2016-10-18,51761.0,GB
2016-10-19,38929.0,GB
2016-10-20,33173.0,GB
2016-10-21,31386.0,GB
2016-10-22,39556.0,GB
2016-10-23,44444.0,GB
2016-10-24,19575.0,GB
2016-10-25,31393.0,GB
2016-10-26,29007.0,GB
2016-10-27,26693.0,GB
2016-10-28,23275.0,GB
2016-10-29,13350.0,GB
2016-10-30,17458.0,GB
2016-10-31,42695.0,GB
2016-11-01,19161.0,GB
2016-11-02,55588.0,GB
2016-11-03,26466.0,GB
2016-11-04,22525.0,GB
2016-11-05,32826.0,GB
2016-11-06,33059.0,GB
2016-11-07,41018.0,GB
2016-11-08,20775.0,GB
2016-11-09,16968.0,GB
2016-11-10,29604.0,GB
2016-11-11,45252.0,GB
2016-11-12,8666.0,GB
2016-11-13,36538.0,GB
2016-11-14,10374.0,GB
2016-11-15,12602.0,GB
2016-11-16,27145.0,GB
2016-11-17,18395.0,GB
2016-11-18,28659.0,GB
2016-11-19,28690.0,GB
2016-11-20,10473.0,GB
2016-11-21,4790.0,GB
2016-11-22,13984.0,GB
2016-11-23,13679.0,GB
2016-11-24,16714.0,GB
2016-11-25,40815.0,GB
2016-11-26,23359.0,GB
2016-11-27,13731.0,GB
2016-11-28,36327.0,GB
2016-11-29,43449.0,GB
2016-11-30,36931.0,GB
2016-12-01,31301.0,GB
2016-12-02,7212.0,GB
2016-12-03,14894.0,GB
2016-12-04,37980.0,GB
2016-12-05,22349.0,GB
2016-12-06,7280.0,GB
2016-12-07,15611.0,GB
2016-12-08,7413.0,GB
2016-12-09,10756.0,GB
2016-12-10,3926.0,GB
2016-12-11,21685.0,GB
2016-12-12,5353.0,GB
2016-12-13,5123.0,GB
2016-12-14,25982.0,GB
2016-12-15,6427.0,GB
2016-12-16,10943.0,GB
2016-12-17,12243.0,GB
2016-12-18,9304.0,GB
2016-12-19,1382.0,GB
2016-12-20,17491.0,GB
2016-12-21,6871.0,GB
2016-12-22,26701.0,GB
2016-12-23,5553.0,GB
2016-12-24,11073.0,GB
2016-12-25,11453.0,GB
2016-12-26,28791.0,GB
2016-12-27,24859.0,GB
2016-12-28,29648.0,GB
2016-12-29,33307.0,GB
2016-12-30,14464.0,GB
2016-12-31,8804.0,GB
2017-01-01,5423.0,GB
2017-01-02,37605.0,GB
2017-01-03,18927.0,GB
2017-01-04,16292.0,GB
2017-01-05,37521.0,GB
2017-01-06,7900.0,GB
2017-01-07,6468.0,GB
2017-01-08,9761.0,GB
2017-01-09,6440.0,GB
2017-01-10,12941.0,GB
2017-01-11,25116.0,GB
2017-01-12,5247.0,GB
2017-01-13,23530.0,GB
2017-01-14,24716.0,GB
2017-01-15,6935.0,GB
2017-01-16,7738.0,GB
2017-01-17,15986.0,GB
2017-01-18,21532.0,GB
2017-01-19,23740.0,GB
2017-01-20,44781.0,GB
2017-01-21,25870.0,GB
2017-01-22,28159.0,GB
2017-01-23,23084.0,GB
2017-01-24,34260.0,GB
2017-01-25,29008.0,GB
2017-01-26,8308.0,GB
2017-01-27,18300.0,GB
2017-01-28,27781.0,GB
2017-01-29,15973.0,GB
2017-01-30,10315.0,GB
2017-01-31,6056.0,GB
2017-02-01,13913.0,GB
2017-02-02,11786.0,GB
2017-02-03,25849.0,GB
2017-02-04,41110.0,GB
2017-02-05,20426.0,GB
2017-02-06,24492.0,GB
2017-02-07,37667.0,GB
2017-02-08,13184.0,GB
2017-02-09,9289.0,GB
2017-02-10,14124.0,GB
2017-02-11,6273.0,GB
2017-02-12,7136.0,GB
2017-02-13,53346.0,GB
2017-02-14,31030.0,GB
2017-02-15,19590.0,GB
2017-02-16,41470.0,GB
2017-02-17,34312.0,GB
2017-02-18,33334.0,GB
2017-02-19,25327.0,GB
2017-02-20,32463.0,GB
2017-02-21,20526.0,GB
2017-02-22,24221.0,GB
2017-02-23,34024.0,GB
2017-02-24,59818.0,GB
2017-02-25,11975.0,GB
2017-02-26,23296.0,GB
2017-02-27,26255.0,GB
2017-02-28,45573.0,GB
2017-03-01,40305.0,GB
2017-03-02,69269.0,GB
2017-03-03,16114.0,GB
2017-03-04,50907.0,GB
2017-03-05,42948.0,GB
2017-03-06,49738.0,GB
2017-03-07,64374.0,GB
2017-03-08,35287.0,GB
2017-03-09,83987.0,GB
2017-03-10,38474.0,GB
2017-03-11,43270.0,GB
2017-03-12,33106.0,GB
2017-03-13,75408.0,GB
2017-03-14,48314.0,GB
2017-03-15,82129.0,GB
2017-03-16,43164.0,GB
2017-03-17,51357.0,GB
2017-03-18,30323.0,GB
2017-03-19,38690.0,GB
2017-03-20,33614.0,GB
2017-03-21,86282.0,GB
2017-03-22,37413.0,GB
2017-03-23,59911.0,GB
2017-03-24,77802.0,GB
2017-03-25,110924.0,GB
2017-03-26,104060.0,GB
2017-03-27,80532.0,GB
2017-03-28,64427.0,GB
2017-03-29,27347.0,GB
2017-03-30,68617.0,GB
2017-03-31,67270.0,GB
2017-04-01,68062.0,GB
2017-04-02,91257.0,GB
2017-04-03,95701.0,GB
2017-04-04,55607.0,GB
2017-04-05,85291.0,GB
2017-04-06,100070.0,GB
2017-04-07,93350.0,GB
2017-04-08,120579.0,GB
2017-04-09,112427.0,GB
2017-04-10,84664.0,GB
2017-04-11,96728.0,GB
2017-04-12,71477.0,GB
2017-04-13,67548.0,GB
2017-04-14,47135.0,GB
2017-04-15,94211.0,GB
2017-04-16,65292.0,GB
2017-04-17,67996.0,GB
2017-04-18,116841.0,GB
2017-04-19,101155.0,GB
2017-04-20,61494.0,GB
2017-04-21,49850.0,GB
2017-04-22,100371.0,GB
2017-04-23,100461.0,GB
2017-04-24,62581.0,GB
2017-04-25,102982.0,GB
2017-04-26,97644.0,GB
2017-04-27,69888.0,GB
2017-04-28,67627.0,GB
2017-04-29,73698.0,GB
2017-04-30,72486.0,GB
2017-05-01,73291.0,GB
2017-05-02,88729.0,GB
2017-05-03,73056.0,GB
2017-05-04,97741.0,GB
2017-05-05,111968.0,GB
2017-05-06,61175.0,GB
2017-05-07,98628.0,GB
2017-05-08,91772.0,GB
2017-05-09,92736.0,GB
2017-05-10,139354.0,GB
2017-05-11,97857.0,GB
2017-05-12,56577.0,GB
2017-05-13,78926.0,GB
2017-05-14,118082.0,GB
2017-05-15,32766.0,GB
2017-05-16,58456.0,GB
2017-05-17,33921.0,GB
2017-05-18,89173.0,GB
2017-05-19,74681.0,GB
2017-05-20,86528.0,GB
2017-05-21,113314.0,GB
2017-05-22,120979.0,GB
2017-05-23,93193.0,GB
2017-05-24,112504.0,GB
2017-05-25,139672.0,GB
2017-05-26,145624.0,GB
2017-05-27,85744.0,GB
2017-05-28,90455.0,GB
2017-05-29,42810.0,GB
2017-05-30,66912.0,GB
2017-05-31,106276.0,GB
2017-06-01,118175.0,GB
2017-06-02,61739.0,GB
2017-06-03,122846.0,GB
2017-06-04,100641.0,GB
2017-06-05,50178.0,GB
2017-06-06,67481.0,GB
2017-06-07,111796.0,GB
2017-06-08,56699.0,GB
2017-06-09,107123.0,GB
2017-06-10,78497.0,GB
2017-06-11,101167.0,GB
2017-06-12,77005.0,GB
2017-06-13,96914.0,GB
2017-06-14,132485.0,GB
2017-06-15,125585.0,GB
2017-06-16,94282.0,GB
2017-06-17,144983.0,GB
2017-06-18,145775.0,GB
2017-06-19,145828.0,GB
2017-06-20,134238.0,GB
2017-06-21,128382.0,GB
2017-06-22,70296.0,GB
2017-06-23,67098.0,GB
2017-06-24,59388.0,GB
2017-06-25,56146.0,GB
2017-06-26,97875.0,GB
2017-06-27,36528.0,GB
2017-06-28,28902.0,GB
2017-06-29,38209.0,GB
2017-06-30,58388.0,GB
2017-07-01,103773.0,GB
2017-07-02,137916.0,GB
2017-07-03,97493.0,GB
2017-07-04,79751.0,GB
2017-07-05,123515.0,GB
2017-07-06,116083.0,GB
2017-07-07,97156.0,GB
2017-07-08,121197.0,GB
2017-07-09,108055.0,GB
2017-07-10,87768.0,GB
2017-07-11,40750.0,GB
2017-07-12,106803.0,GB
2017-07-13,97734.0,GB
2017-07-14,94636.0,GB
2017-07-15,51391.0,GB
2017-07-16,79857.0,GB
2017-07-17,133275.0,GB
2017-07-18,115829.0,GB
2017-07-19,48576.0,GB
2017-07-20,88553.0,GB
2017-07-21,64144.0,GB
2017-07-22,71347.0,GB
2017-07-23,75308.0,GB
2017-07-24,74584.0,GB
2017-07-25,98159.0,GB
2017-07-26,51885.0,GB
2017-07-27,69061.0,GB
2017-07-28,55114.0,GB
2017-07-29,65274.0,GB
2017-07-30,95866.0,GB
2017-07-31,98440.0,GB
2017-08-01,95348.0,GB
2017-08-02,35512.0,GB
2017-08-03,73372.0,GB
2017-08-04,89288.0,GB
2017-08-05,96128.0,GB
2017-08-06,90216.0,GB
2017-08-07,67811.0,GB
2017-08-08,52932.0,GB
2017-08-09,51249.0,GB
2017-08-10,107886.0,GB
2017-08-11,69725.0,GB
2017-08-12,74905.0,GB
2017-08-13,98173.0,GB
2017-08-14,71320.0,GB
2017-08-15,108745.0,GB
2017-08-16,88352.0,GB
2017-08-17,94767.0,GB
2017-08-18,92031.0,GB
2017-08-19,88591.0,GB
2017-08-20,71732.0,GB
2017-08-21,52488.0,GB
2017-08-22,52998.0,GB
2017-08-23,62504.0,GB
2017-08-24,76252.0,GB
2017-08-25,95672.0,GB
2017-08-26,72117.0,GB
2017-08-27,105732.0,GB
2017-08-28,102689.0,GB
2017-08-29,60304.0,GB
2017-08-30,49133.0,GB
2017-08-31,89288.0,GB
2017-09-01,96606.5,GB
2017-09-02,46358.0,GB
2017-09-03,33886.0,GB
2017-09-04,40125.0,GB
2017-09-05,38251.0,GB
2017-09-06,66596.0,GB
2017-09-07,47635.0,GB
2017-09-08,50566.0,GB
2017-09-09,71103.0,GB
2017-09-10,36644.0,GB
2017-09-11,67011.0,GB
2017-09-12,75576.0,GB
2017-09-13,80064.0,GB
2017-09-14,73492.0,GB
2017-09-15,63831.0,GB
2017-09-16,55784.0,GB
2017-09-17,59905.0,GB
2017-09-18,56780.0,GB
2017-09-19,79936.0,GB
2017-09-20,41951.0,GB
2017-09-21,36212.0,GB
2017-09-22,73713.0,GB
2017-09-23,55116.0,GB
2017-09-24,55731.0,GB
2017-09-25,31048.0,GB
2017-09-26,50083.0,GB
2017-09-27,34941.0,GB
2017-09-28,68810.0,GB
2017-09-29,41612.0,GB
2017-09-30,42875.0,GB
2017-10-01,18784.0,GB
2017-10-02,46606.0,GB
2017-10-03,61517.0,GB
2017-10-04,31626.0,GB
2017-10-05,73744.0,GB
2017-10-06,68784.0,GB
2017-10-07,22360.0,GB
2017-10-08,47819.0,GB
2017-10-09,30129.0,GB
2017-10-10,30949.0,GB
2017-10-11,19332.0,GB
2017-10-12,57373.0,GB
2017-10-13,22421.5,GB
2017-10-14,33063.0,GB
2017-10-15,38422.0,GB
2017-10-16,33301.0,GB
2017-10-17,37355.0,GB
2017-10-18,12861.0,GB
2017-10-19,9489.0,GB
2017-10-20,32679.0,GB
2017-10-21,32556.0,GB
2017-10-22,35775.0,GB
2017-10-23,15398.0,GB
2017-10-24,16301.0,GB
2017-10-25,51487.0,GB
2017-10-26,15254.0,GB
2017-10-27,62131.0,GB
2017-10-28,29582.0,GB
2017-10-29,39234.0,GB
2017-10-30,48998.0,GB
2017-10-31,21726.0,GB
2017-11-01,30200.0,GB
2017-11-02,30339.0,GB
2017-11-03,23291.0,GB
2017-11-04,22592.0,GB
2017-11-05,46440.0,GB
2017-11-06,46721.0,GB
2017-11-07,10146.0,GB
2017-11-08,41488.0,GB
2017-11-09,19521.0,GB
2017-11-10,36254.0,GB
2017-11-11,17803.0,GB
2017-11-12,39364.0,GB
2017-11-13,26798.0,GB
2017-11-14,12717.0,GB
2017-11-15,1992.0,GB
2017-11-16,22953.0,GB
2017-11-17,36725.0,GB
2017-11-18,13152.0,GB
2017-11-19,31765.0,GB
2017-11-20,7927.0,GB
2017-11-21,7823.0,GB
2017-11-22,10733.0,GB
2017-11-23,34450.0,GB
2017-11-24,32967.0,GB
2017-11-25,33268.0,GB
2017-11-26,26932.0,GB
2017-11-27,11952.0,GB
2017-11-28,33457.0,GB
2017-11-29,26830.0,GB
2017-11-30,31568.0,GB
2017-12-01,33977.0,GB
2017-12-02,11516.0,GB
2017-12-03,11448.0,GB
2017-12-04,17071.0,GB
2017-12-05,6501.0,GB
2017-12-06,7365.0,GB
2017-12-07,14793.0,GB
2017-12-08,28981.0,GB
2017-12-09,18563.0,GB
2017-12-10,6617.0,GB
2017-12-11,15008.0,GB
2017-12-12,23690.0,GB
2017-12-13,6659.0,GB
2017-12-14,21551.0,GB
2017-12-15,25503.0,GB
2017-12-16,21827.0,GB
2017-12-17,4985.0,GB
2017-12-18,30611.0,GB
2017-12-19,18119.0,GB
2017-12-20,9016.0,GB
2017-12-21,5413.0,GB
2017-12-22,9434.0,GB
2017-12-23,10045.0,GB
2017-12-24,7072.0,GB
2017-12-25,5000.0,GB
2017-12-26,20069.0,GB
2017-12-27,16012.0,GB
2017-12-28,34674.0,GB
2017-12-29,14646.0,GB
2017-12-30,12665.0,GB
2017-12-31,11788.0,GB
2018-01-01,14120.0,GB
2018-01-02,3646.0,GB
2018-01-03,16495.0,GB
2018-01-04,10989.0,GB
2018-01-05,17038.0,GB
2018-01-06,16176.0,GB
2018-01-07,37049.0,GB
2018-01-08,10957.0,GB
2018-01-09,3273.0,GB
2018-01-10,24948.0,GB
2018-01-11,15760.0,GB
2018-01-12,10852.0,GB
2018-01-13,6286.0,GB
2018-01-14,9718.0,GB
2018-01-15,11667.0,GB
2018-01-16,27066.0,GB
2018-01-17,33471.0,GB
2018-01-18,26964.0,GB
2018-01-19,36211.0,GB
2018-01-20,8765.0,GB
2018-01-21,3394.0,GB
2018-01-22,21419.0,GB
2018-01-23,9407.0,GB
2018-01-24,8528.0,GB
2018-01-25,36644.0,GB
2018-01-26,31582.0,GB
2018-01-27,8679.0,GB
2018-01-28,18149.0,GB
2018-01-29,17080.0,GB
2018-01-30,37458.0,GB
2018-01-31,27246.0,GB
2018-02-01,42743.0,GB
2018-02-02,37707.0,GB
2018-02-03,11740.0,GB
2018-02-04,36951.0,GB
2018-02-05,34971.0,GB
2018-02-06,29470.0,GB
2018-02-07,53493.0,GB
2018-02-08,23924.0,GB
2018-02-09,40400.0,GB
2018-02-10,13332.0,GB
2018-02-11,49368.0,GB
2018-02-12,59780.0,GB
2018-02-13,21732.0,GB
2018-02-14,13232.0,GB
2018-02-15,64337.0,GB
2018-02-16,64417.0,GB
2018-02-17,50754.0,GB
2018-02-18,28052.0,GB
2018-02-19,13550.0,GB
2018-02-20,51675.0,GB
2018-02-21,40452.0,GB
2018-02-22,46964.0,GB
2018-02-23,59286.0,GB
2018-02-24,84792.0,GB
2018-02-25,89503.0,GB
2018-02-26,49727.0,GB
2018-02-27,51458.0,GB
2018-02-28,46798.0,GB
2018-03-01,11747.0,GB
2018-03-02,14191.0,GB
2018-03-03,20392.0,GB
2018-03-04,31392.0,GB
2018-03-05,35828.0,GB
2018-03-06,41625.0,GB
2018-03-07,62931.0,GB
2018-03-08,66959.0,GB
2018-03-09,36055.0,GB
2018-03-10,26992.0,GB
2018-03-11,38203.0,GB
2018-03-12,19241.0,GB
2018-03-13,61310.0,GB
2018-03-14,48419.0,GB
2018-03-15,37933.0,GB
2018-03-16,59907.0,GB
2018-03-17,32226.0,GB
2018-03-18,18703.0,GB
2018-03-19,87119.0,GB
2018-03-20,69370.0,GB
2018-03-21,89664.0,GB
2018-03-22,49915.0,GB
2018-03-23,57694.0,GB
2018-03-24,35364.0,GB
2018-03-25,88557.0,GB
2018-03-26,87418.0,GB
2018-03-27,39682.0,GB
2018-03-28,56841.0,GB
2018-03-29,53804.0,GB
2018-03-30,35463.0,GB
2018-03-31,27454.0,GB
2018-04-01,45715.0,GB
2018-04-02,25203.0,GB
2018-04-03,60257.0,GB
2018-04-04,48014.0,GB
2018-04-05,133446.0,GB
2018-04-06,83813.0,GB
2018-04-07,41986.0,GB
2018-04-08,43408.0,GB
2018-04-09,41738.0,GB
2018-04-10,26965.0,GB
2018-04-11,34130.0,GB
2018-04-12,31229.0,GB
2018-04-13,27529.0,GB
2018-04-14,102228.0,GB
2018-04-15,46985.0,GB
2018-04-16,90150.0,GB
2018-04-17,53052.0,GB
2018-04-18,122001.0,GB
2018-04-19,129090.0,GB
2018-04-20,125381.0,GB
2018-04-21,104867.0,GB
2018-04-22,92877.0,GB
2018-04-23,80041.0,GB
2018-04-24,39682.0,GB
2018-04-25,98961.0,GB
2018-04-26,108417.0,GB
2018-04-27,37334.0,GB
2018-04-28,45548.0,GB
2018-04-29,45637.0,GB
2018-04-30,81043.0,GB
2018-05-01,111427.0,GB
2018-05-02,85100.0,GB
2018-05-03,106833.0,GB
2018-05-04,88890.0,GB
2018-05-05,140995.0,GB
2018-05-06,143456.0,GB
2018-05-07,139037.0,GB
2018-05-08,114314.0,GB
2018-05-09,96467.0,GB
2018-05-10,128756.0,GB
2018-05-11,82008.0,GB
2018-05-12,79414.0,GB
2018-05-13,121069.0,GB
2018-05-14,147580.0,GB
2018-05-15,139889.0,GB
2018-05-16,71981.0,GB
2018-05-17,143390.0,GB
2018-05-18,131276.0,GB
2018-05-19,146916.0,GB
2018-05-20,133479.0,GB
2018-05-21,122978.0,GB
2018-05-22,135522.0,GB
2018-05-23,127876.0,GB
2018-05-24,88057.0,GB
2018-05-25,48233.0,GB
2018-05-26,101590.0,GB
2018-05-27,109648.0,GB
2018-05-28,114326.0,GB
2018-05-29,69455.0,GB
2018-05-30,35689.0,GB
2018-05-31,73966.0,GB
2018-06-01,89813.0,GB
2018-06-02,93978.0,GB
2018-06-03,120477.0,GB
2018-06-04,69031.0,GB
2018-06-05,85558.0,GB
2018-06-06,135075.0,GB
2018-06-07,91099.0,GB
2018-06-08,80368.0,GB
2018-06-09,103972.0,GB
2018-06-10,113946.0,GB
2018-06-11,137261.0,GB
2018-06-12,82791.0,GB
2018-06-13,103932.0,GB
2018-06-14,105569.0,GB
2018-06-15,107037.0,GB
2018-06-16,75466.0,GB
2018-06-17,59730.0,GB
2018-06-18,104327.0,GB
2018-06-19,76256.0,GB
2018-06-20,84310.0,GB
2018-06-21,145877.0,GB
2018-06-22,155490.0,GB
2018-06-23,133773.0,GB
2018-06-24,149916.0,GB
2018-06-25,152030.0,GB
2018-06-26,149615.0,GB
2018-06-27,150475.0,GB
2018-06-28,143400.0,GB
2018-06-29,149711.0,GB
2018-06-30,151209.0,GB
2018-07-01,121095.0,GB
2018-07-02,147524.0,GB
2018-07-03,141731.0,GB
2018-07-04,112582.0,GB
2018-07-05,127000.0,GB
2018-07-06,136364.0,GB
2018-07-07,138397.0,GB
2018-07-08,134071.0,GB
2018-07-09,112972.0,GB
2018-07-10,119171.0,GB
2018-07-11,101464.0,GB
2018-07-12,93193.0,GB
2018-07-13,98751.0,GB
2018-07-14,132005.0,GB
2018-07-15,137725.0,GB
2018-07-16,96342.0,GB
2018-07-17,87604.0,GB
2018-07-18,88061.0,GB
2018-07-19,119217.0,GB
2018-07-20,82031.0,GB
2018-07-21,93606.0,GB
2018-07-22,108745.0,GB
2018-07-23,104878.0,GB
2018-07-24,105322.0,GB
2018-07-25,129120.0,GB
2018-07-26,112147.0,GB
2018-07-27,94521.0,GB
2018-07-28,96140.0,GB
2018-07-29,34366.0,GB
2018-07-30,69960.0,GB
2018-07-31,115720.0,GB
2018-08-01,102209.0,GB
2018-08-02,103097.0,GB
2018-08-03,90410.0,GB
2018-08-04,117733.0,GB
2018-08-05,129607.0,GB
2018-08-06,114121.0,GB
2018-08-07,98116.0,GB
2018-08-08,93067.0,GB
2018-08-09,71668.0,GB
2018-08-10,80446.0,GB
2018-08-11,83027.0,GB
2018-08-12,42950.0,GB
2018-08-13,70550.0,GB
2018-08-14,65630.0,GB
2018-08-15,60724.0,GB
2018-08-16,74653.0,GB
2018-08-17,77364.0,GB
2018-08-18,51169.0,GB
2018-08-19,56360.0,GB
2018-08-20,56157.0,GB
2018-08-21,81184.0,GB
2018-08-22,54913.0,GB
2018-08-23,65947.0,GB
2018-08-24,78482.0,GB
2018-08-25,104207.0,GB
2018-08-26,22664.0,GB
2018-08-27,53641.0,GB
2018-08-28,55568.0,GB
2018-08-29,69797.0,GB
2018-08-30,88673.0,GB
2018-08-31,103771.0,GB
2018-09-01,90974.0,GB
2018-09-02,92248.0,GB
2018-09-03,68071.0,GB
2018-09-04,53962.0,GB
2018-09-05,79366.0,GB
2018-09-06,61865.0,GB
2018-09-07,85649.0,GB
2018-09-08,40183.0,GB
2018-09-09,72941.0,GB
2018-09-10,64621.0,GB
2018-09-11,43750.0,GB
2018-09-12,57478.0,GB
2018-09-13,87231.0,GB
2018-09-14,56164.0,GB
2018-09-15,70494.0,GB
2018-09-16,50827.0,GB
2018-09-17,64256.0,GB
2018-09-18,51502.0,GB
2018-09-19,53956.0,GB
2018-09-20,23768.0,GB
2018-09-21,74612.0,GB
2018-09-22,24482.0,GB
2018-09-23,62198.0,GB
2018-09-24,92195.0,GB
2018-09-25,96930.0,GB
2018-09-26,87119.0,GB
2018-09-27,95287.0,GB
2018-09-28,85187.0,GB
2018-09-29,92814.0,GB
2018-09-30,44908.0,GB
2018-10-01,73232.0,GB
2018-10-02,41595.0,GB
2018-10-03,49626.0,GB
2018-10-04,46615.0,GB
2018-10-05,46554.0,GB
2018-10-06,26116.0,GB
2018-10-07,61568.0,GB
2018-10-08,35475.0,GB
2018-10-09,84485.0,GB
2018-10-10,82808.0,GB
2018-10-11,33233.0,GB
2018-10-12,20333.0,GB
2018-10-13,34073.0,GB
2018-10-14,16272.0,GB
2018-10-15,19384.0,GB
2018-10-16,32004.0,GB
2018-10-17,31910.0,GB
2018-10-18,62739.0,GB
2018-10-19,63276.0,GB
2018-10-20,59128.0,GB
2018-10-21,57709.0,GB
2018-10-22,69584.0,GB
2018-10-23,42166.0,GB
2018-10-24,52694.0,GB
2018-10-25,40087.0,GB
2018-10-26,46042.0,GB
2018-10-27,41361.0,GB
2018-10-28,51603.0,GB
2018-10-29,62547.0,GB
2018-10-30,28164.0,GB
2018-10-31,42656.0,GB
2018-11-01,28495.0,GB
2018-11-02,62104.0,GB
2018-11-03,24652.0,GB
2018-11-04,15972.0,GB
2018-11-05,21268.0,GB
2018-11-06,17113.0,GB
2018-11-07,15334.0,GB
2018-11-08,28840.0,GB
2018-11-09,14617.0,GB
2018-11-10,26592.0,GB
2018-11-11,37092.0,GB
2018-11-12,35008.0,GB
2018-11-13,42249.0,GB
2018-11-14,29723.0,GB
2018-11-15,22493.0,GB
2018-11-16,5597.0,GB
2018-11-17,36036.0,GB
2018-11-18,44753.0,GB
2018-11-19,17741.0,GB
2018-11-20,9850.0,GB
2018-11-21,18157.0,GB
2018-11-22,17427.0,GB
2018-11-23,7578.0,GB
2018-11-24,7231.0,GB
2018-11-25,12596.0,GB
2018-11-26,19784.0,GB
2018-11-27,5448.0,GB
2018-11-28,3655.0,GB
2018-11-29,11029.0,GB
2018-11-30,31081.0,GB
2018-12-01,4984.0,GB
2018-12-02,9242.0,GB
2018-12-03,16537.0,GB
2018-12-04,20643.0,GB
2018-12-05,2520.0,GB
2018-12-06,4600.0,GB
2018-12-07,16572.0,GB
2018-12-08,14218.0,GB
2018-12-09,22873.0,GB
2018-12-10,15137.0,GB
2018-12-11,16960.0,GB
2018-12-12,12967.0,GB
2018-12-13,20642.0,GB
2018-12-14,18207.0,GB
2018-12-15,2503.0,GB
2018-12-16,13943.0,GB
2018-12-17,24628.0,GB
2018-12-18,2919.0,GB
2018-12-19,20183.0,GB
2018-12-20,17007.0,GB
2018-12-21,9809.0,GB
2018-12-22,18600.0,GB
2018-12-23,3829.0,GB
2018-12-24,19687.0,GB
2018-12-25,7905.0,GB
2018-12-26,7566.0,GB
2018-12-27,14479.0,GB
2018-12-28,9881.0,GB
2018-12-29,10278.0,GB
2018-12-30,6885.0,GB
2018-12-31,4489.0,GB
2019-01-01,16190.0,GB
2019-01-02,14551.0,GB
2019-01-03,8411.0,GB
2019-01-04,18374.0,GB
2019-01-05,3455.0,GB
2019-01-06,7413.0,GB
2019-01-07,5805.0,GB
2019-01-08,29916.0,GB
2019-01-09,29963.0,GB
2019-01-10,9345.0,GB
2019-01-11,11378.0,GB
2019-01-12,5445.0,GB
2019-01-13,10875.0,GB
2019-01-14,15405.0,GB
2019-01-15,11719.0,GB
2019-01-16,8466.0,GB
2019-01-17,44014.0,GB
2019-01-18,16681.0,GB
2019-01-19,10029.0,GB
2019-01-20,23252.0,GB
2019-01-21,19827.0,GB
2019-01-22,24022.0,GB
2019-01-23,31098.0,GB
2019-01-24,11656.0,GB
2019-01-25,16418.0,GB
2019-01-26,12326.0,GB
2019-01-27,28165.0,GB
2019-01-28,50361.0,GB
2019-01-29,12645.0,GB
2019-01-30,44214.0,GB
2019-01-31,25324.0,GB
2019-02-01,16206.0,GB
2019-02-02,45959.0,GB
2019-02-03,44572.0,GB
2019-02-04,25916.0,GB
2019-02-05,10060.0,GB
2019-02-06,28095.0,GB
2019-02-07,38390.0,GB
2019-02-08,11587.0,GB
2019-02-09,36696.0,GB
2019-02-10,31862.0,GB
2019-02-11,47552.0,GB
2019-02-12,28036.0,GB
2019-02-13,39308.0,GB
2019-02-14,61125.0,GB
2019-02-15,71683.0,GB
2019-02-16,25848.0,GB
2019-02-17,40911.0,GB
2019-02-18,27004.0,GB
2019-02-19,45751.0,GB
2019-02-20,31153.0,GB
2019-02-21,43843.0,GB
2019-02-22,56257.0,GB
2019-02-23,63048.0,GB
2019-02-24,73934.0,GB
2019-02-25,81834.0,GB
2019-02-26,85080.0,GB
2019-02-27,83560.0,GB
2019-02-28,23757.0,GB
2019-03-01,22789.0,GB
2019-03-02,37212.0,GB
2019-03-03,14789.0,GB
2019-03-04,53322.0,GB
2019-03-05,58517.0,GB
2019-03-06,23290.0,GB
2019-03-07,45713.0,GB
2019-03-08,33098.0,GB
2019-03-09,61205.0,GB
2019-03-10,63202.0,GB
2019-03-11,86312.0,GB
2019-03-12,26112.0,GB
2019-03-13,56642.0,GB
2019-03-14,60867.0,GB
2019-03-15,39483.0,GB
2019-03-16,19745.0,GB
2019-03-17,80901.0,GB
2019-03-18,51882.0,GB
2019-03-19,44142.0,GB
2019-03-20,49305.0,GB
2019-03-21,37439.0,GB
2019-03-22,25947.0,GB
2019-03-23,61631.0,GB
2019-03-24,104625.0,GB
2019-03-25,114029.0,GB
2019-03-26,88861.0,GB
2019-03-27,67174.0,GB
2019-03-28,96484.0,GB
2019-03-29,108954.0,GB
2019-03-30,94057.0,GB
2019-03-31,71210.0,GB
2019-04-01,110428.0,GB
2019-04-02,80255.0,GB
2019-04-03,84971.0,GB
2019-04-04,54896.0,GB
2019-04-05,60038.0,GB
2019-04-06,70693.0,GB
2019-04-07,52597.0,GB
2019-04-08,66920.0,GB
2019-04-09,57973.0,GB
2019-04-10,115294.0,GB
2019-04-11,123699.0,GB
2019-04-12,83484.0,GB
2019-04-13,101341.0,GB
2019-04-14,72764.0,GB
2019-04-15,106405.0,GB
2019-04-16,54962.0,GB
2019-04-17,106257.0,GB
2019-04-18,105554.0,GB
2019-04-19,125302.0,GB
2019-04-20,130444.0,GB
2019-04-21,134521.0,GB
2019-04-22,116088.0,GB
2019-04-23,81165.0,GB
2019-04-24,59577.0,GB
2019-04-25,80440.0,GB
2019-04-26,70394.0,GB
2019-04-27,73635.0,GB
2019-04-28,75684.0,GB
2019-04-29,89814.0,GB
2019-04-30,105220.0,GB
2019-05-01,70910.0,GB
2019-05-02,79512.0,GB
2019-05-03,59832.0,GB
2019-05-04,121510.0,GB
2019-05-05,86184.0,GB
2019-05-06,81108.0,GB
2019-05-07,89491.0,GB
2019-05-08,49828.0,GB
2019-05-09,58274.0,GB
2019-05-10,96957.0,GB
2019-05-11,114003.0,GB
2019-05-12,141599.0,GB
2019-05-13,148435.0,GB
2019-05-14,151590.0,GB
2019-05-15,142934.0,GB
2019-05-16,124766.0,GB
2019-05-17,55091.0,GB
2019-05-18,62027.5,GB
2019-05-19,79463.0,GB
2019-05-20,106402.0,GB
2019-05-21,139706.0,GB
2019-05-22,124505.0,GB
2019-05-23,133664.0,GB
2019-05-24,109039.0,GB
2019-05-25,105221.0,GB
2019-05-26,72690.0,GB
2019-05-27,93082.0,GB
2019-05-28,100101.0,GB
2019-05-29,55629.0,GB
2019-05-30,95171.0,GB
2019-05-31,77405.0,GB
2019-06-01,114845.0,GB
2019-06-02,77127.0,GB
2019-06-03,113956.0,GB
2019-06-04,55703.0,GB
2019-06-05,87870.0,GB
2019-06-06,128354.0,GB
2019-06-07,51594.0,GB
2019-06-08,82901.0,GB
2019-06-09,110920.0,GB
2019-06-10,64391.0,GB
2019-06-11,41242.0,GB
2019-06-12,38872.0,GB
2019-06-13,49737.0,GB
2019-06-14,91158.0,GB
2019-06-15,85772.0,GB
2019-06-16,92063.0,GB
2019-06-17,94958.0,GB
2019-06-18,73969.0,GB
2019-06-19,74284.0,GB
2019-06-20,108418.0,GB
2019-06-21,129432.0,GB
2019-06-22,136514.0,GB
2019-06-23,70180.0,GB
2019-06-24,66170.0,GB
2019-06-25,51964.0,GB
2019-06-26,78202.0,GB
2019-06-27,150625.0,GB
2019-06-28,144305.0,GB
2019-06-29,123703.0,GB
2019-06-30,109835.0,GB
2019-07-01,104596.0,GB
2019-07-02,115125.0,GB
2019-07-03,135276.0,GB
2019-07-04,138070.0,GB
2019-07-05,123785.0,GB
2019-07-06,91611.0,GB
2019-07-07,109245.0,GB
2019-07-08,106617.0,GB
2019-07-09,71256.0,GB
2019-07-10,93261.0,GB
2019-07-11,92688.0,GB
2019-07-12,111282.0,GB
2019-07-13,79090.0,GB
2019-07-14,91479.0,GB
2019-07-15,114004.0,GB
2019-07-16,120193.0,GB
2019-07-17,90873.0,GB
2019-07-18,91187.0,GB
2019-07-19,37940.0,GB
2019-07-20,96821.0,GB
2019-07-21,89169.0,GB
2019-07-22,98801.0,GB
2019-07-23,133069.0,GB
2019-07-24,118535.0,GB
2019-07-25,116679.0,GB
2019-07-26,72848.0,GB
2019-07-27,50017.0,GB
2019-07-28,68921.0,GB
2019-07-29,113503.0,GB
2019-07-30,62996.0,GB
2019-07-31,78559.0,GB
2019-08-01,90849.0,GB
2019-08-02,99846.0,GB
2019-08-03,86230.0,GB
2019-08-04,74908.0,GB
2019-08-05,99450.0,GB
2019-08-06,89230.0,GB
2019-08-07,92725.0,GB
2019-08-08,95515.0,GB
2019-08-09,71688.0,GB
2019-08-10,65599.0,GB
2019-08-11,79338.0,GB
2019-08-12,87863.0,GB
2019-08-13,110140.0,GB
2019-08-14,29465.0,GB
2019-08-15,98909.0,GB
2019-08-16,26154.0,GB
2019-08-17,105501.0,GB
2019-08-18,94395.0,GB
2019-08-19,100367.0,GB
2019-08-20,102815.0,GB
2019-08-21,94785.0,GB
2019-08-22,78469.0,GB
2019-08-23,114088.0,GB
2019-08-24,120607.0,GB
2019-08-25,117922.0,GB
2019-08-26,108879.0,GB
2019-08-27,85735.0,GB
2019-08-28,55781.0,GB
2019-08-29,92768.0,GB
2019-08-30,83707.0,GB
2019-08-31,79130.0,GB
2019-09-01,100309.0,GB
2019-09-02,72419.0,GB
2019-09-03,62252.0,GB
2019-09-04,86636.0,GB
2019-09-05,93402.0,GB
2019-09-06,52037.0,GB
2019-09-07,70829.0,GB
2019-09-08,97957.0,GB
2019-09-09,28801.0,GB
2019-09-10,71881.0,GB
2019-09-11,53572.0,GB
2019-09-12,60070.0,GB
2019-09-13,107975.0,GB
2019-09-14,101856.0,GB
2019-09-15,75864.0,GB
2019-09-16,46125.0,GB
2019-09-17,104837.0,GB
2019-09-18,96993.0,GB
2019-09-19,102711.0,GB
2019-09-20,100968.0,GB
2019-09-21,99038.0,GB
2019-09-22,36638.0,GB
2019-09-23,52229.0,GB
2019-09-24,38778.0,GB
2019-09-25,40224.0,GB
2019-09-26,58881.0,GB
2019-09-27,44844.0,GB
2019-09-28,51470.0,GB
2019-09-29,32010.0,GB
2019-09-30,35736.0,GB
2019-10-01,40516.0,GB
2019-10-02,85274.0,GB
2019-10-03,31564.0,GB
2019-10-04,32426.0,GB
2019-10-05,37862.0,GB
2019-10-06,54900.0,GB
2019-10-07,18178.0,GB
2019-10-08,53484.0,GB
2019-10-09,52598.0,GB
2019-10-10,41594.0,GB
2019-10-11,21295.0,GB
2019-10-12,29072.0,GB
2019-10-13,21358.0,GB
2019-10-14,15983.0,GB
2019-10-15,36143.0,GB
2019-10-16,43821.0,GB
2019-10-17,47988.0,GB
2019-10-18,42173.0,GB
2019-10-19,49174.0,GB
2019-10-20,37430.0,GB
2019-10-21,27025.0,GB
2019-10-22,47810.0,GB
2019-10-23,35426.0,GB
2019-10-24,22293.0,GB
2019-10-25,10733.0,GB
2019-10-26,11111.0,GB
2019-10-27,61280.0,GB
2019-10-28,45157.0,GB
2019-10-29,34212.0,GB
2019-10-30,37699.0,GB
2019-10-31,27908.0,GB
2019-11-01,9897.0,GB
2019-11-02,15088.0,GB
2019-11-03,29399.0,GB
2019-11-04,25893.0,GB
2019-11-05,18336.0,GB
2019-11-06,20886.0,GB
2019-11-07,29167.0,GB
2019-11-08,32938.0,GB
2019-11-09,18330.0,GB
2019-11-10,41734.0,GB
2019-11-11,30541.0,GB
2019-11-12,24622.0,GB
2019-11-13,28761.0,GB
2019-11-14,13207.0,GB
2019-11-15,13015.0,GB
2019-11-16,16667.0,GB
2019-11-17,15675.0,GB
2019-11-18,42871.0,GB
2019-11-19,20015.0,GB
2019-11-20,19751.0,GB
2019-11-21,6294.0,GB
2019-11-22,8025.0,GB
2019-11-23,4086.0,GB
2019-11-24,6131.0,GB
2019-11-25,6183.0,GB
2019-11-26,8254.0,GB
2019-11-27,10368.0,GB
2019-11-28,12559.0,GB
2019-11-29,35379.0,GB
2019-11-30,22507.0,GB
2019-12-01,27045.0,GB
2019-12-02,29291.0,GB
2019-12-03,29852.0,GB
2019-12-04,31865.0,GB
2019-12-05,11257.0,GB
2019-12-06,7827.0,GB
2019-12-07,13090.0,GB
2019-12-08,20433.0,GB
2019-12-09,30341.0,GB
2019-12-10,2366.0,GB
2019-12-11,16861.0,GB
2019-12-12,3870.0,GB
2019-12-13,16186.0,GB
2019-12-14,21107.0,GB
2019-12-15,21176.0,GB
2019-12-16,12868.0,GB
2019-12-17,8681.0,GB
2019-12-18,10496.0,GB
2019-12-19,6208.0,GB
2019-12-20,4226.0,GB
2019-12-21,13864.0,GB
2019-12-22,17731.0,GB
2019-12-23,21028.0,GB
2019-12-24,13965.0,GB
2019-12-25,28706.0,GB
2019-12-26,3731.0,GB
2019-12-27,4421.0,GB
2019-12-28,7119.0,GB
2019-12-29,14096.0,GB
2019-12-30,26932.0,GB
2019-12-31,10520.0,GB
2020-01-01,8557.0,GB
2020-01-02,5551.0,GB
2020-01-03,22557.0,GB
2020-01-04,15999.0,GB
2020-01-05,8276.0,GB
2020-01-06,7270.0,GB
2020-01-07,7016.0,GB
2020-01-08,9548.0,GB
2020-01-09,14326.0,GB
2020-01-10,26514.0,GB
2020-01-11,6627.0,GB
2020-01-12,21230.0,GB
2020-01-13,10178.0,GB
2020-01-14,4274.0,GB
2020-01-15,25383.0,GB
2020-01-16,9638.0,GB
2020-01-17,17703.0,GB
2020-01-18,39965.0,GB
2020-01-19,41330.0,GB
2020-01-20,36548.0,GB
2020-01-21,32103.0,GB
2020-01-22,9840.0,GB
2020-01-23,8347.0,GB
2020-01-24,6781.0,GB
2020-01-25,5058.0,GB
2020-01-26,9212.0,GB
2020-01-27,17448.0,GB
2020-01-28,32192.0,GB
2020-01-29,36584.0,GB
2020-01-30,8848.0,GB
2020-01-31,9464.0,GB
2020-02-01,36019.0,GB
2020-02-02,23150.0,GB
2020-02-03,23768.0,GB
2020-02-04,25767.0,GB
2020-02-05,38577.0,GB
2020-02-06,53334.0,GB
2020-02-07,39297.0,GB
2020-02-08,41947.0,GB
2020-02-09,8794.0,GB
2020-02-10,27130.0,GB
2020-02-11,47063.0,GB
2020-02-12,53321.0,GB
2020-02-13,30656.0,GB
2020-02-14,25654.0,GB
2020-02-15,5498.0,GB
2020-02-16,15306.0,GB
2020-02-17,42121.0,GB
2020-02-18,33641.0,GB
2020-02-19,17264.0,GB
2020-02-20,22854.0,GB
2020-02-21,18430.0,GB
2020-02-22,31816.0,GB
2020-02-23,38119.0,GB
2020-02-24,12237.0,GB
2020-02-25,42012.0,GB
2020-02-26,58169.0,GB
2020-02-27,63959.0,GB
2020-02-28,8106.0,GB
2020-02-29,55638.0,GB
2020-03-01,72284.0,GB
2020-03-02,68718.0,GB
2020-03-03,52961.0,GB
2020-03-04,33714.0,GB
2020-03-05,27614.0,GB
2020-03-06,74921.0,GB
2020-03-07,33237.0,GB
2020-03-08,63068.0,GB
2020-03-09,38715.0,GB
2020-03-10,32364.0,GB
2020-03-11,59863.0,GB
2020-03-12,78972.0,GB
2020-03-13,60941.0,GB
2020-03-14,37686.0,GB
2020-03-15,33469.0,GB
2020-03-16,92062.0,GB
2020-03-17,44213.0,GB
2020-03-18,29813.0,GB
2020-03-19,34119.0,GB
2020-03-20,66518.0,GB
2020-03-21,90921.0,GB
2020-03-22,112853.0,GB
2020-03-23,111313.0,GB
2020-03-24,106350.0,GB
2020-03-25,114443.0,GB
2020-03-26,114412.0,GB
2020-03-27,109604.0,GB
2020-03-28,67547.0,GB
2020-03-29,84927.0,GB
2020-03-30,57730.0,GB
2020-03-31,76993.0,GB
2020-04-01,53552.0,GB
2020-04-02,64407.0,GB
2020-04-03,70983.0,GB
2020-04-04,93221.0,GB
2020-04-05,107137.0,GB
2020-04-06,97825.0,GB
2020-04-07,116768.0,GB
2020-04-08,102782.0,GB
2020-04-09,105951.0,GB
2020-04-10,111356.0,GB
2020-04-11,112625.0,GB
2020-04-12,90933.0,GB
2020-04-13,110103.0,GB
2020-04-14,133265.0,GB
2020-04-15,131504.0,GB
2020-04-16,115760.0,GB
2020-04-17,70507.0,GB
2020-04-18,47735.0,GB
2020-04-19,132031.0,GB
2020-04-20,141048.0,GB
2020-04-21,134205.0,GB
2020-04-22,135449.0,GB
2020-04-23,126720.0,GB
2020-04-24,124022.0,GB
2020-04-25,119736.0,GB
2020-04-26,113397.0,GB
2020-04-27,84550.0,GB
2020-04-28,28009.0,GB
2020-04-29,61354.0,GB
2020-04-30,70552.0,GB
2020-05-01,97186.0,GB
2020-05-02,116232.0,GB
2020-05-03,55305.0,GB
2020-05-04,103211.0,GB
2020-05-05,119112.0,GB
2020-05-06,148996.0,GB
2020-05-07,121500.0,GB
2020-05-08,115530.0,GB
2020-05-09,125778.0,GB
2020-05-10,60594.0,GB
2020-05-11,111887.0,GB
2020-05-12,112652.0,GB
2020-05-13,101685.0,GB
2020-05-14,135931.0,GB
2020-05-15,123492.0,GB
2020-05-16,106385.0,GB
2020-05-17,106423.0,GB
2020-05-18,115627.0,GB
2020-05-19,114354.0,GB
2020-05-20,143578.0,GB
2020-05-21,131684.0,GB
2020-05-22,120259.0,GB
2020-05-23,113783.0,GB
2020-05-24,108519.0,GB
2020-05-25,149487.0,GB
2020-05-26,127234.0,GB
2020-05-27,132077.0,GB
2020-05-28,161247.0,GB
2020-05-29,153143.0,GB
2020-05-30,152030.0,GB
2020-05-31,148565.0,GB
2020-06-01,147960.0,GB
2020-06-02,149416.0,GB
2020-06-03,40068.0,GB
2020-06-04,67417.0,GB
2020-06-05,110095.0,GB
2020-06-06,76731.0,GB
2020-06-07,83293.0,GB
2020-06-08,90298.0,GB
2020-06-09,95038.0,GB
2020-06-10,48240.0,GB
2020-06-11,58671.0,GB
2020-06-12,57423.0,GB
2020-06-13,105070.0,GB
2020-06-14,103584.0,GB
2020-06-15,111950.0,GB
2020-06-16,95140.0,GB
2020-06-17,87447.0,GB
2020-06-18,42679.0,GB
2020-06-19,70332.0,GB
2020-06-20,108598.0,GB
2020-06-21,111915.0,GB
2020-06-22,140982.0,GB
2020-06-23,141795.0,GB
2020-06-24,150886.0,GB
2020-06-25,149984.0,GB
2020-06-26,122994.0,GB
2020-06-27,76167.0,GB
2020-06-28,97290.0,GB
2020-06-29,62803.0,GB
2020-06-30,56335.0,GB
2020-07-01,82192.0,GB
2020-07-02,81960.0,GB
2020-07-03,66485.0,GB
2020-07-04,41539.0,GB
2020-07-05,118099.0,GB
2020-07-06,103218.0,GB
2020-07-07,66675.0,GB
2020-07-08,46793.0,GB
2020-07-09,48322.0,GB
2020-07-10,105261.0,GB
2020-07-11,116601.0,GB
2020-07-12,137847.0,GB
2020-07-13,80867.0,GB
2020-07-14,74296.0,GB
2020-07-15,51088.0,GB
2020-07-16,82277.0,GB
2020-07-17,107976.0,GB
2020-07-18,82528.0,GB
2020-07-19,105068.0,GB
2020-07-20,125157.0,GB
2020-07-21,114134.0,GB
2020-07-22,106815.0,GB
2020-07-23,79317.0,GB
2020-07-24,80440.0,GB
2020-07-25,52770.0,GB
2020-07-26,91425.0,GB
2020-07-27,48108.0,GB
2020-07-28,102845.0,GB
2020-07-29,108758.0,GB
2020-07-30,122133.0,GB
2020-07-31,113661.0,GB
2020-08-01,91141.0,GB
2020-08-02,107811.0,GB
2020-08-03,106015.0,GB
2020-08-04,69472.0,GB
2020-08-05,72223.0,GB
2020-08-06,70376.0,GB
2020-08-07,99232.0,GB
2020-08-08,109266.0,GB
2020-08-09,103058.0,GB
2020-08-10,93372.0,GB
2020-08-11,108532.0,GB
2020-08-12,108669.0,GB
2020-08-13,65169.0,GB
2020-08-14,50593.0,GB
2020-08-15,40779.0,GB
2020-08-16,42774.0,GB
2020-08-17,70836.0,GB
2020-08-18,82588.0,GB
2020-08-19,32981.0,GB
2020-08-20,111299.0,GB
2020-08-21,64797.0,GB
2020-08-22,87335.0,GB
2020-08-23,63262.0,GB
2020-08-24,86456.0,GB
2020-08-25,49397.0,GB
2020-08-26,75914.0,GB
2020-08-27,32807.0,GB
2020-08-28,53792.0,GB
2020-08-29,66492.0,GB
2020-08-30,85782.0,GB
2020-08-31,83217.0,GB
